employee_id,age,department,monthly_salary,country,is_active,last_bonus_pct,years_of_experience,exit_interview_completed,churned,salary_copy
EMP-1000,45.0,Sales,39587.81,India,True,1.6,34,No,No,39587.81
EMP-1001,32.0,HR,51647.9,India,True,10.5,7,No,No,51647.9
EMP-1002,29.0,Marketing,55136.85,India,True,2.8,13,No,No,55136.85
EMP-1003,57.0,Sales,78672.94,India,True,13.2,9,No,No,78672.94
EMP-1004,59.0,Engineering,54793.06,India,True,14.4,1,No,No,54793.06
EMP-1005,41.0,Engineering,,India,True,7.0, ,No,No,
EMP-1006,56.0,Engineering,73942.14,India,True,13.2,2,Yes,Yes,73942.14
EMP-1007,46.0,HR,59015.81,India,True,0.1,20,No,No,59015.81
EMP-1008,56.0,Sales,,India,True,12.3,25,No,No,
EMP-1009,46.0,Marketing,70339.56,India,True,3.4,7,No,No,70339.56
EMP-1010,50.0,Engineering,38905.72,India,True,13.6,1,Yes,Yes,38905.72
EMP-1010,50.0,Engineering,38905.72,India,True,13.6,1,Yes,Yes,38905.72
EMP-1012,39.0,HR,37272.19,India,True,8.3,27,No,No,37272.19
EMP-1013,23.0,Engineering,35956.32,India,True,11.3,28,No,No,35956.32
EMP-1014,56.0,Engineering,54997.6,India,True,3.9,25,No,No,54997.6
EMP-1015,37.0,Engineering,46131.47,India,True,2.9, ,No,No,46131.47
EMP-1016,57.0,Engineering,-2172.54,India,True,1.3,11,No,No,-2172.54
EMP-1017,54.0,Sales,45976.05,India,True,4.9,4,No,No,45976.05
EMP-1018,25.0,Sales,42231.32,India,True,8.4,33,No,No,42231.32
EMP-1019,54.0,Engineering,63392.38,India,True,1.7,14,Yes,Yes,63392.38
EMP-1020,35.0,Enginering,41551.12,India,True,5.7,14,No,No,41551.12
EMP-1021,,Engineering,88088.87,India,True,0.1%,22,No,No,88088.87
EMP-1022,41.0,Engineering,70951.9,India,True,12.3,5,No,No,70951.9
EMP-1023,29.0,Engineering,44151.34,India,True,1.9%,20,No,No,44151.34
EMP-1024,28.0,Sales,67244.35,India,True,4.3,22,No,No,67244.35
EMP-1025,24.0,Marketing,57878.18,India,True,0.3, ,No,No,57878.18
EMP-1026,38.0,Engineering,53501.99,India,True,6.5,14,No,No,53501.99
EMP-1027,54.0,Sales,62039.78,India,True,12.6,24,Yes,Yes,62039.78
EMP-1028,33.0,Sales,50811.06,India,True,5.9,10,No,No,50811.06
EMP-1029,43.0,Engineering,53605.27,India,True,2.7,14,No,No,53605.27
EMP-1030,43.0,Sales,62350.29,India,True,11.3,3,No,No,62350.29
EMP-1031,51.0,Engineering,80786.79,India,True,11.8,20,Yes,Yes,80786.79
EMP-1032,59.0,Engineering,53767.92,India,True,2.6,12,Yes,Yes,53767.92
EMP-1033,,HR,43193.05,India,True,11.6,21,No,No,43193.05
EMP-1034,,HR,19561.54,India,True,14.2,18,No,No,19561.54
EMP-1035,48.0,Marketing,79419.55,India,True,2.5,?,No,No,79419.55
EMP-1036,48.0,Engineering,46051.37,India,True,11.6,13,No,No,46051.37
EMP-1037,55.0,Engineering,58022.14,India,True,10.6,3,No,No,58022.14
EMP-1038,42.0,Marketing,,India,True,7.1,26,No,No,
EMP-1039,51.0,Sales,53414.03,India,True,0.9,28,No,No,53414.03
EMP-1040,,Engineering,47079.95,India,True,1.1,27,No,No,47079.95
EMP-1041,49.0,Sales,,India,True,12.8,34,No,No,
EMP-1042,54.0,Engineering,56911.06,India,True,14.9,7,No,No,56911.06
EMP-1043,26.0,HR,,India,True,10.1,15,No,No,
EMP-1044,40.0,Engineering,27152.59,India,True,6.7,29,No,No,27152.59
EMP-1045,25.0,Enginering,68088.73,India,True,9.7,?,No,No,68088.73
EMP-1046,56.0,Engineering,55633.82,India,True,8.9,1,Yes,Yes,55633.82
EMP-1047,,Sales,29426.16,India,True,5.8,12,Yes,Yes,29426.16
EMP-1048,49.0,Sales,57276.41,India,True,1.0,3,No,No,57276.41
EMP-1049,51.0,Engineering,19062.11,India,True,12.3,25,Yes,Yes,19062.11
EMP-1050,50.0,HR,85129.63,India,True,5.6,24,No,No,85129.63
EMP-1051,27.0,Marketing,33472.18,India,True,12.3,29,No,No,33472.18
EMP-1052,56.0,HR,74176.89,India,True,3.8,10,No,No,74176.89
EMP-1053,58.0,HR,37805.67,India,True,0.0,6,No,No,37805.67
EMP-1054,,Sales,58403.39,India,True,2.4,30,No,No,58403.39
EMP-1055,50.0,HR,36318.08,India,True,7.0,9,No,No,36318.08
EMP-1056,52.0,Engineering,64956.73,India,True,14.2,12,No,No,64956.73
EMP-1057,56.0,Engineering,46470.22,India,True,1.5,30,No,No,46470.22
EMP-1058,54.0,Engineering,57016.69,India,True,12.8,6,Yes,Yes,57016.69
EMP-1059,42.0,Engineering,50225.97,India,True,7.9,19,No,No,50225.97
EMP-1060,53.0,Sales,29515.03,India,True,12.4,3,No,No,29515.03
EMP-1061,44.0,Engineering,57561.6,India,True,4.5,6,No,No,57561.6
EMP-1062,54.0,HR,42451.44,India,True,12.6%,0,Yes,Yes,42451.44
EMP-1063,24.0,Engineering,65679.69,India,True,11.6,12,No,No,65679.69
EMP-1064,39.0,Engineering,46462.1,India,True,3.5,21,No,No,46462.1
EMP-1065,46.0,Sales,48848.54,India,True,2.0,20,No,No,48848.54
EMP-1066,52.0,Engineering,75243.9,India,True,13.0,21,Yes,Yes,75243.9
EMP-1067,24.0,Marketing,85724.55,India,True,14.4%,27,No,No,85724.55
EMP-1068,45.0,Engineering,61790.51,India,True,0.5,8,No,No,61790.51
EMP-1069,53.0,HR,45692.9,India,True,11.0,25,No,No,45692.9
EMP-1070,43.0,Marketing,44380.08,India,True,13.6,8,No,No,44380.08
EMP-1071,44.0,Engineering,37719.85,India,True,12.9,14,No,No,37719.85
EMP-1072,23.0,Engineering,40621.43,India,True,14.5,9,No,No,40621.43
EMP-1073,48.0,Marketing,45895.85,India,True,11.4,23,No,No,45895.85
EMP-1074,23.0,Marketing,79463.79,India,True,6.6%,7,No,No,79463.79
EMP-1075,47.0,Marketing,47041.67,India,True,4.7,23,Yes,Yes,47041.67
EMP-1076,38.0,Marketing,31609.2,India,True,4.8,15,Yes,Yes,31609.2
EMP-1077,54.0,Engineering,50624.98,India,True,10.9,25,Yes,Yes,50624.98
EMP-1078,30.0,Engineering,52671.93,India,True,11.2,26,No,No,52671.93
EMP-1079,50.0,Engineering,50534.53,India,True,3.0,3,No,Yes,50534.53
EMP-1080,47.0,HR,61995.37,India,True,13.0,23,Yes,Yes,61995.37
EMP-1081,56.0,Marketing,,India,True,10.7,18,No,No,
EMP-1082,46.0,Engineering,61530.91,India,True,8.4,9,No,No,61530.91
EMP-1083,45.0,Engineering,38294.85,India,True,7.1,24,No,No,38294.85
EMP-1084,,Engineering,76710.94,India,True,8.1,17,No,No,76710.94
EMP-1085,28.0,Engineering,53787.2,India,True,2.4,18,No,No,53787.2
EMP-1086,,Marketing,56003.28,India,True,3.1,9,No,No,56003.28
EMP-1087,41.0,Marketing,38232.32,India,True,1.4,32,Yes,Yes,38232.32
EMP-1088,22.0,HR,57077.4,India,True,2.3,4,No,No,57077.4
EMP-1089,29.0,Sales,59765.98,India,True,6.8,34,No,No,59765.98
EMP-1090,37.0,Engineering,32453.47,India,True,8.0,33,No,No,32453.47
EMP-1091,35.0,Marketing,25113.63,India,True,0.3,32,No,No,25113.63
EMP-1092,33.0,Marketing,,India,True,12.0,20,No,No,
EMP-1093,44.0,Sales,42668.45,India,True,4.4,16,No,No,42668.45
EMP-1094,36.0,Marketing,53898.82,India,True,13.7,21,No,No,53898.82
EMP-1095,49.0,Sales,30634.46,India,True,14.5,14,No,No,30634.46
EMP-1096,55.0,Sales,26592.41,India,True,2.8,34,No,No,26592.41
EMP-1097,23.0,Sales,53100.34,India,True,6.9,27,No,No,53100.34
EMP-1098,53.0,Engineering,44753.24,India,True,0.0,6,Yes,Yes,44753.24
EMP-1099,44.0,Engineering,18339.51,India,True,9.0,31,No,No,18339.51
EMP-1100,43.0,Engineering,70146.48,India,True,9.1,10,Yes,Yes,70146.48
EMP-1101,46.0,Marketing,30385.14,India,True,3.7,9,No,No,30385.14
EMP-1102,43.0,Engineering,88599.87,India,True,8.4,8,No,No,88599.87
EMP-1103,43.0,Sales,40639.75,India,True,3.4,13,No,No,40639.75
EMP-1104,27.0,HR,56023.41,India,True,2.4,12,No,No,56023.41
EMP-1105,36.0,Engineering,74704.24,India,True,9.8,24,No,No,74704.24
EMP-1106,58.0,Sales,72191.51,India,True,4.9,1,Yes,Yes,72191.51
EMP-1107,54.0,Marketing,79792.05,India,True,8.9,34,No,No,79792.05
EMP-1108,29.0,Engineering,27153.86,India,True,6.5,6,Yes,Yes,27153.86
EMP-1109,26.0,Engineering,32962.02,India,True,14.8,20,Yes,Yes,32962.02
EMP-1110,25.0,Engineering,53389.96,India,True,2.2,17,No,No,53389.96
EMP-1111,27.0,Engineering,62596.21,India,True,7.0,2,No,No,62596.21
EMP-1112,53.0,HR,49831.59,India,True,10.2,10,No,No,49831.59
EMP-1113,51.0,Marketing,25430.09,India,True,5.9,23,Yes,Yes,25430.09
EMP-1114,56.0,Marketing,57448.67,India,True,14.6,18,No,No,57448.67
EMP-1115,37.0,HR,47086.23,India,True,10.8,3,No,No,47086.23
EMP-1116,34.0,Marketing,46906.42,India,True,9.9,25,No,No,46906.42
EMP-1117,51.0,Engineering,15830.74,India,True,11.4,31,No,No,15830.74
EMP-1118,40.0,HR,61962.26,India,True,14.3,32,No,No,61962.26
EMP-1119,38.0,Sales,52178.06,India,True,13.6,2,No,No,52178.06
EMP-1120,40.0,Marketing,76927.47,India,True,10.9,8,No,No,76927.47
EMP-1121,49.0,HR,48882.39,India,True,11.2%,7,No,No,48882.39
EMP-1122,47.0,Engineering,58495.1,India,True,2.2,32,No,No,58495.1
EMP-1123,58.0,Engineering,62477.27,India,True,1.5,5,No,No,62477.27
EMP-1124,47.0,Engineering,23807.58,India,True,8.6,3,No,No,23807.58
EMP-1125,44.0,Sales,89250.5,India,True,0.3,12,No,No,89250.5
EMP-1126,30.0,Marketing,43538.11,India,True,7.2,1,No,No,43538.11
EMP-1127,33.0,HR,,India,False,3.2,4,No,No,
EMP-1128,22.0,Engineering,59608.73,India,True,5.2,26,No,No,59608.73
EMP-1129,22.0,Sales,37778.24,India,True,11.6,31,No,No,37778.24
EMP-1130,55.0,Sales,77704.7,India,True,14.1,20,No,No,77704.7
EMP-1131,,Engineering,53989.33,India,True,1.1,7,No,No,53989.33
EMP-1132,46.0,Engineering,46797.91,India,True,8.0,7,No,No,46797.91
EMP-1133,22.0,Engineering,52077.62,India,True,13.2%,2,No,No,52077.62
EMP-1134,37.0,HR,61463.78,India,True,1.2,2,No,No,61463.78
EMP-1135,26.0,Engineering,50161.97,India,True,12.4,21,No,No,50161.97
EMP-1136,43.0,Sales,63228.95,India,True,5.4,5,Yes,Yes,63228.95
EMP-1137,50.0,Marketing,24726.92,India,True,4.8,1,Yes,Yes,24726.92
EMP-1138,,Engineering,38780.45,India,True,14.7,22,No,No,38780.45
EMP-1139,33.0,HR,17918.0,India,False,3.0,1,No,No,17918.0
EMP-1140,47.0,HR,79955.12,India,True,10.4%,16,Yes,Yes,79955.12
EMP-1141,37.0,Engineering,79759.88,India,True,12.3,34,Yes,Yes,79759.88
EMP-1142,58.0,Sales,59399.24,India,True,0.6,33,Yes,Yes,59399.24
EMP-1143,43.0,Engineering,34810.73,India,True,10.1,22,Yes,Yes,34810.73
EMP-1144,50.0,Engineering,85848.17,India,True,14.3,29,Yes,Yes,85848.17
EMP-1145,35.0,Engineering,40933.78,India,True,1.9,7,No,No,40933.78
EMP-1146,49.0,Sales,46801.89,India,True,13.4,21,No,No,46801.89
EMP-1147,26.0,Sales,52393.0,India,True,8.9,4,No,No,52393.0
EMP-1148,51.0,Engineering,56772.74,India,True,9.2,12,No,No,56772.74
EMP-1149,26.0,Engineering,59657.04,India,True,9.2,28,Yes,Yes,59657.04
EMP-1150,33.0,HR,60259.42,India,True,4.5,30,No,No,60259.42
EMP-1151,37.0,Engineering,47832.14,India,True,14.0,15,No,No,47832.14
EMP-1152,47.0,Engineering,,India,True,14.2,29,No,No,
EMP-1153,47.0,Sales,47161.89,India,True,9.4,15,Yes,Yes,47161.89
EMP-1154,42.0,HR,58689.55,India,True,11.8,11,No,No,58689.55
EMP-1155,57.0,Engineering,57459.38,India,True,9.2,16,No,No,57459.38
EMP-1156,54.0,Marketing,61442.71,India,True,7.3,15,No,No,61442.71
EMP-1157,51.0,Marketing,59569.5,India,True,9.9,11,No,No,59569.5
EMP-1158,58.0,Engineering,43363.51,India,True,8.3,7,No,No,43363.51
EMP-1159,,Marketing,56880.65,India,True,9.0,19,No,No,56880.65
EMP-1160,31.0,Engineering,59801.0,India,True,11.8,2,No,No,59801.0
EMP-1161,26.0,Marketing,30633.13,India,True,7.2,15,Yes,Yes,30633.13
EMP-1162,57.0,Marketing,45889.33,India,True,0.6,29,Yes,Yes,45889.33
EMP-1163,55.0,Sales,59121.71,India,True,2.5,22,No,No,59121.71
EMP-1164,,Engineering,75639.39,India,True,6.6,27,Yes,Yes,75639.39
EMP-1165,31.0,HR,62373.5,India,True,10.9,4,No,No,62373.5
EMP-1166,40.0,Engineering,76585.67,India,True,8.9,19,No,No,76585.67
EMP-1167,53.0,Engineering,44024.4,India,True,9.8,0,No,No,44024.4
EMP-1168,22.0,Engineering,53752.86,India,True,7.2,29,No,No,53752.86
EMP-1169,26.0,Sales,62086.03,India,True,9.2,20,No,No,62086.03
EMP-1170,25.0,Marketing,15104.72,India,True,4.9,19,No,No,15104.72
EMP-1171,37.0,Engineering,72662.05,India,True,7.1,5,No,No,72662.05
EMP-1172,45.0,Sales,22086.35,India,True,11.2,21,No,No,22086.35
EMP-1173,37.0,Engineering,64954.1,India,True,13.1,17,No,No,64954.1
EMP-1174,23.0,Marketing,60302.48,India,True,6.5,7,No,No,60302.48
EMP-1175,49.0,Engineering,14906.1,India,True,0.7,31,Yes,Yes,14906.1
EMP-1176,53.0,Marketing,15664.08,India,True,2.4,32,No,No,15664.08
EMP-1177,48.0,Sales,71487.23,India,True,0.3,15,No,No,71487.23
EMP-1178,41.0,HR,68220.83,India,True,9.8,11,No,No,68220.83
EMP-1179,45.0,Engineering,36787.05,India,True,5.0,33,No,No,36787.05
EMP-1180,33.0,Engineering,36771.82,India,True,8.1,13,Yes,Yes,36771.82
EMP-1181,56.0,Engineering,57689.07,India,True,7.4,32,Yes,Yes,57689.07
EMP-1182,54.0,HR,49808.84,India,True,1.2,22,No,No,49808.84
EMP-1183,54.0,HR,65815.93,India,True,6.0,1,Yes,Yes,65815.93
EMP-1184,58.0,Engineering,57193.71,India,True,3.3,20,No,No,57193.71
EMP-1185,33.0,Marketing,73745.46,India,False,6.3,1,No,No,73745.46
EMP-1186,24.0,Marketing,64551.17,India,True,3.1,26,No,No,64551.17
EMP-1187,22.0,Sales,60811.6,India,True,12.6,8,No,No,60811.6
EMP-1188,,Sales,44718.13,India,True,2.6,0,No,No,44718.13
EMP-1189,31.0,Engineering,43620.18,India,True,14.4,10,No,No,43620.18
EMP-1190,50.0,Engineering,49223.62,India,True,6.2,2,No,No,49223.62
EMP-1191,,HR,77614.15,India,True,12.7,22,No,No,77614.15
EMP-1192,33.0,HR,43905.88,India,True,9.4,25,No,No,43905.88
EMP-1193,52.0,Marketing,53907.93,India,True,11.0,3,No,No,53907.93
EMP-1194,23.0,Engineering,16327.96,India,True,11.5,17,No,No,16327.96
EMP-1195,56.0,Engineering,60137.13,India,True,7.6,5,No,No,60137.13
EMP-1196,44.0,Marketing,83857.97,India,True,8.1,34,No,No,83857.97
EMP-1197,38.0,HR,35995.43,India,True,7.7,21,No,No,35995.43
EMP-1198,,HR,97616.63,India,True,8.8,14,No,No,97616.63
EMP-1199,29.0,Marketing,52733.61,India,True,0.4,21,No,No,52733.61
